{
  "schema_version": "1.0",
  "last_updated": "2025-10-21",
  "description": "Constitutional Meta-Governor telemetry schema with meta-metrics for trust and drift detection",
  
  "privacy_guarantees": {
    "aggregation": "required",
    "k_anonymity": 5,
    "differential_privacy": {
      "epsilon": 1.0,
      "delta": 1e-5
    },
    "retention_days": 90,
    "regional_storage": true
  },
  
  "metric_categories": {
    "governance_activity": {
      "description": "Metrics tracking governance workflow and decisions",
      "aggregation_window": "1h",
      "metrics": {
        "proposals_submitted": {
          "type": "counter",
          "unit": "count",
          "labels": ["risk_class", "change_type", "outcome"],
          "description": "Total proposals submitted, grouped by risk class and type"
        },
        "proposals_approved": {
          "type": "counter",
          "unit": "count",
          "labels": ["risk_class", "deliberation_duration_bucket"],
          "description": "Proposals approved after deliberation"
        },
        "proposals_rejected": {
          "type": "counter",
          "unit": "count",
          "labels": ["risk_class", "rejection_reason"],
          "description": "Proposals rejected, with reason category"
        },
        "vetoes_exercised": {
          "type": "counter",
          "unit": "count",
          "labels": ["stakeholder_role", "policy_area"],
          "description": "Veto actions by role type (anonymized)"
        },
        "human_ratifications": {
          "type": "counter",
          "unit": "count",
          "labels": ["approved", "rejected"],
          "description": "Human ratification decisions for HIGH-risk proposals"
        },
        "deliberation_duration_p50": {
          "type": "histogram",
          "unit": "seconds",
          "buckets": [3600, 86400, 259200, 604800],
          "labels": ["risk_class"],
          "description": "Median time spent in deliberation"
        },
        "deliberation_duration_p95": {
          "type": "histogram",
          "unit": "seconds",
          "buckets": [3600, 86400, 259200, 604800],
          "labels": ["risk_class"],
          "description": "P95 deliberation duration"
        },
        "time_to_implementation_p50": {
          "type": "histogram",
          "unit": "seconds",
          "buckets": [3600, 86400, 259200, 604800],
          "labels": ["risk_class"],
          "description": "Time from approval to implementation"
        }
      }
    },
    
    "participation_metrics": {
      "description": "Stakeholder participation and engagement",
      "aggregation_window": "24h",
      "metrics": {
        "active_voters_count": {
          "type": "gauge",
          "unit": "count",
          "labels": ["stakeholder_role"],
          "description": "Number of unique voters (hashed IDs) per role"
        },
        "voter_participation_rate": {
          "type": "gauge",
          "unit": "ratio",
          "labels": ["stakeholder_role"],
          "description": "Ratio of active voters to eligible voters"
        },
        "quorum_achievement_rate": {
          "type": "gauge",
          "unit": "ratio",
          "labels": ["risk_class"],
          "description": "Proportion of proposals reaching quorum"
        },
        "comment_volume": {
          "type": "counter",
          "unit": "count",
          "labels": ["proposal_risk_class"],
          "description": "Aggregate comment count on proposals"
        },
        "vote_intensity_avg": {
          "type": "histogram",
          "unit": "intensity",
          "buckets": [0.2, 0.4, 0.6, 0.8, 1.0],
          "labels": ["vote_outcome"],
          "description": "Average intensity of votes (for quadratic voting)"
        }
      }
    },
    
    "constitutional_compliance": {
      "description": "Adherence to constitutional constraints",
      "aggregation_window": "1h",
      "metrics": {
        "constitutional_violations_blocked": {
          "type": "counter",
          "unit": "count",
          "labels": ["constraint_name"],
          "description": "Number of proposals blocked for constitutional violations"
        },
        "privacy_checks_passed": {
          "type": "counter",
          "unit": "count",
          "labels": ["check_type"],
          "description": "Privacy validation checks passed"
        },
        "privacy_checks_failed": {
          "type": "counter",
          "unit": "count",
          "labels": ["check_type", "failure_mode"],
          "description": "Privacy validation failures (alert on any non-zero)"
        },
        "chain_integrity_status": {
          "type": "gauge",
          "unit": "boolean",
          "labels": [],
          "description": "Provenance chain integrity (1=intact, 0=compromised)"
        },
        "sead_compliance_rate": {
          "type": "gauge",
          "unit": "ratio",
          "labels": ["sead_principle"],
          "description": "Compliance rate per SEAD principle"
        }
      }
    },
    
    "performance_metrics": {
      "description": "System performance and resource usage",
      "aggregation_window": "5m",
      "metrics": {
        "policy_enforcement_latency_p50": {
          "type": "histogram",
          "unit": "milliseconds",
          "buckets": [10, 50, 100, 250, 500],
          "labels": [],
          "description": "Latency to enforce already-ratified policy (target <500ms)"
        },
        "policy_enforcement_latency_p95": {
          "type": "histogram",
          "unit": "milliseconds",
          "buckets": [10, 50, 100, 250, 500],
          "labels": [],
          "description": "P95 enforcement latency (critical metric)"
        },
        "simulation_duration_p50": {
          "type": "histogram",
          "unit": "seconds",
          "buckets": [10, 30, 60, 120, 300],
          "labels": ["scenario_type"],
          "description": "Time to complete simulations (target P95 ≤120s)"
        },
        "simulation_duration_p95": {
          "type": "histogram",
          "unit": "seconds",
          "buckets": [10, 30, 60, 120, 300],
          "labels": ["scenario_type"],
          "description": "P95 simulation duration"
        },
        "energy_consumption_kwh": {
          "type": "counter",
          "unit": "kwh",
          "labels": ["operation_type"],
          "description": "Cumulative energy consumption"
        },
        "cost_usd": {
          "type": "counter",
          "unit": "usd",
          "labels": ["operation_type"],
          "description": "Cumulative operational cost"
        },
        "co2_emissions_kg": {
          "type": "counter",
          "unit": "kg",
          "labels": ["region"],
          "description": "CO2 emissions based on regional grid intensity"
        }
      }
    },
    
    "trust_and_drift_metrics": {
      "description": "Meta-metrics for detecting value drift and trust erosion",
      "aggregation_window": "24h",
      "metrics": {
        "stakeholder_satisfaction_score": {
          "type": "gauge",
          "unit": "score",
          "labels": ["stakeholder_role"],
          "description": "Aggregated satisfaction score (0-10 scale, anonymized)"
        },
        "constitutional_amendment_attempts": {
          "type": "counter",
          "unit": "count",
          "labels": ["principle", "outcome"],
          "description": "Attempts to amend foundational principles"
        },
        "privacy_resolution_trend": {
          "type": "gauge",
          "unit": "level",
          "labels": [],
          "description": "Current telemetry resolution level (0=aggregate, 1=coarse, 2=fine)"
        },
        "policy_churn_rate": {
          "type": "gauge",
          "unit": "changes_per_week",
          "labels": [],
          "description": "Rate of policy changes (high churn may indicate instability)"
        },
        "rollback_frequency": {
          "type": "counter",
          "unit": "count",
          "labels": ["reason_category"],
          "description": "Policy rollbacks (high frequency indicates quality issues)"
        },
        "drift_detector_score": {
          "type": "gauge",
          "unit": "score",
          "labels": ["drift_dimension"],
          "description": "Automated drift detection score (0=aligned, 1=drifted)"
        },
        "veto_utilization_rate": {
          "type": "gauge",
          "unit": "ratio",
          "labels": ["stakeholder_role"],
          "description": "Rate of veto usage (very low or very high may indicate issues)"
        },
        "fairness_gini_coefficient": {
          "type": "gauge",
          "unit": "coefficient",
          "labels": [],
          "description": "Gini coefficient of impact distribution across stakeholders"
        }
      }
    },
    
    "security_and_incidents": {
      "description": "Security events and incident tracking",
      "aggregation_window": "1h",
      "metrics": {
        "authentication_failures": {
          "type": "counter",
          "unit": "count",
          "labels": ["failure_type"],
          "description": "Failed authentication attempts (rate limited)"
        },
        "audit_log_tampering_attempts": {
          "type": "counter",
          "unit": "count",
          "labels": ["detection_method"],
          "description": "Detected tampering attempts (alert on any non-zero)"
        },
        "chain_integrity_checks": {
          "type": "counter",
          "unit": "count",
          "labels": ["result"],
          "description": "Integrity check executions and results"
        },
        "emergency_rollbacks": {
          "type": "counter",
          "unit": "count",
          "labels": ["trigger_condition"],
          "description": "Emergency rollback events"
        },
        "circuit_breaker_trips": {
          "type": "counter",
          "unit": "count",
          "labels": ["provider", "reason"],
          "description": "Circuit breaker activations"
        }
      }
    },
    
    "regulatory_compliance": {
      "description": "Compliance with external regulations",
      "aggregation_window": "24h",
      "metrics": {
        "regulatory_signals_ingested": {
          "type": "counter",
          "unit": "count",
          "labels": ["regulator", "signal_type"],
          "description": "External regulatory signals processed"
        },
        "compliance_violations": {
          "type": "counter",
          "unit": "count",
          "labels": ["regulation", "violation_type"],
          "description": "Detected compliance violations"
        },
        "audit_export_executions": {
          "type": "counter",
          "unit": "count",
          "labels": ["destination"],
          "description": "Audit exports for external review"
        },
        "data_retention_compliance": {
          "type": "gauge",
          "unit": "boolean",
          "labels": ["data_type"],
          "description": "Compliance with retention policies (1=compliant, 0=violation)"
        }
      }
    }
  },
  
  "alert_thresholds": {
    "critical": {
      "chain_integrity_status": {
        "operator": "==",
        "value": 0,
        "message": "CRITICAL: Provenance chain integrity compromised"
      },
      "privacy_checks_failed": {
        "operator": ">",
        "value": 0,
        "message": "CRITICAL: Privacy check failed - potential identifier leak"
      },
      "audit_log_tampering_attempts": {
        "operator": ">",
        "value": 0,
        "message": "CRITICAL: Audit log tampering detected"
      }
    },
    "high": {
      "policy_enforcement_latency_p95": {
        "operator": ">",
        "value": 500,
        "message": "HIGH: Enforcement latency exceeds 500ms target"
      },
      "emergency_rollbacks": {
        "operator": ">",
        "value": 2,
        "window": "24h",
        "message": "HIGH: Multiple emergency rollbacks in 24h"
      },
      "stakeholder_satisfaction_score": {
        "operator": "<",
        "value": 5.0,
        "message": "HIGH: Stakeholder satisfaction below threshold"
      }
    },
    "medium": {
      "quorum_achievement_rate": {
        "operator": "<",
        "value": 0.5,
        "window": "7d",
        "message": "MEDIUM: Low quorum achievement rate"
      },
      "policy_churn_rate": {
        "operator": ">",
        "value": 10,
        "message": "MEDIUM: High policy churn may indicate instability"
      },
      "simulation_duration_p95": {
        "operator": ">",
        "value": 120,
        "message": "MEDIUM: Simulation duration exceeds target"
      }
    }
  },
  
  "data_flow": {
    "collection": {
      "method": "push",
      "endpoint": "/api/v1/telemetry/ingest",
      "format": "json",
      "batch_size": 100,
      "flush_interval_seconds": 60
    },
    "processing": {
      "aggregation_service": "cmg-telemetry-aggregator",
      "privacy_filter": "differential_privacy",
      "validation": "schema_enforcement"
    },
    "storage": {
      "backend": "time_series_db",
      "retention_policy": "90d_aggregate",
      "regional_replication": true
    },
    "access": {
      "dashboard": "/governance/dashboard",
      "api": "/api/v1/metrics",
      "export": "/api/v1/audit/export",
      "rbac": true
    }
  },
  
  "metadata": {
    "version": "1.0",
    "schema_authors": ["CMG Design Team"],
    "review_date": "2025-10-21",
    "next_review": "2026-04-21"
  }
}

Evaluation Plan: cmg_eval_plan.md