{
  "deployment_metadata": {
    "timestamp": "20251026_203045",
    "total_workers_spawned": 200,
    "worker_categories": 3,
    "specialization_types": 23,
    "constitutional_framework": "yama_principles_integrated_across_all_workers"
  },
  "worker_armies": {
    "mermaid_architecture": {
      "system_architects": {
        "count": 12,
        "specialization": "Overall system architecture design and flow mapping",
        "responsibilities": [
          "LOG⁴ framework architecture visualization",
          "Fractal worker deployment system diagrams",
          "Constitutional AI integration flowcharts",
          "Multi-scale system interaction mapping"
        ],
        "debate_integration": "systems_integration_perspective_wisdom",
        "constitutional_focus": "truth_in_architectural_representation"
      },
      "community_process_visualizers": {
        "count": 10,
        "specialization": "Community decision process and engagement flow diagrams",
        "responsibilities": [
          "Community decision episode flow mapping",
          "Proxy evidence integration pathways",
          "Cultural responsiveness validation flows",
          "Community agency preservation diagrams"
        ],
        "debate_integration": "community_empowerment_perspective_wisdom",
        "constitutional_focus": "ahimsa_through_respectful_representation"
      },
      "technical_infrastructure_mappers": {
        "count": 8,
        "specialization": "Technical infrastructure and deployment architecture",
        "responsibilities": [
          "Worker deployment infrastructure diagrams",
          "Real-time coordination system mapping",
          "Quality assurance pipeline visualization",
          "Performance monitoring architecture"
        ],
        "debate_integration": "efficiency_optimization_perspective_wisdom",
        "constitutional_focus": "asteya_through_efficient_resource_mapping"
      },
      "academic_workflow_designers": {
        "count": 6,
        "specialization": "Academic manuscript development and validation workflows",
        "responsibilities": [
          "Manuscript expansion pipeline diagrams",
          "Peer review simulation workflows",
          "Citation validation system mapping",
          "Academic quality assurance flows"
        ],
        "debate_integration": "theoretical_rigor_perspective_wisdom",
        "constitutional_focus": "satya_through_academic_integrity_visualization"
      },
      "validation_system_architects": {
        "count": 8,
        "specialization": "13-gate validation system architecture",
        "responsibilities": [
          "13-gate validation flow diagrams",
          "Constitutional compliance checking workflows",
          "CFP alignment validation pathways",
          "Quality gate interaction mapping"
        ],
        "debate_integration": "ethical_framework_perspective_wisdom",
        "constitutional_focus": "comprehensive_yama_principle_integration"
      },
      "innovation_flow_mappers": {
        "count": 6,
        "specialization": "Innovation emergence and creative process visualization",
        "responsibilities": [
          "Creative breakthrough pathway mapping",
          "Innovation emergence flow diagrams",
          "Paradigm shift visualization",
          "Novel solution development workflows"
        ],
        "debate_integration": "innovation_emergence_perspective_wisdom",
        "constitutional_focus": "asteya_through_creative_attribution"
      }
    },
    "validation_gates": {
      "constitutional_compliance_validators": {
        "count": 15,
        "specialization": "Constitutional AI and Yama principle compliance validation",
        "responsibilities": [
          "Satya (truth) validation across all content",
          "Asteya (attribution) compliance verification",
          "Ahimsa (harm prevention) assessment",
          "Constitutional framework integrity checking"
        ],
        "debate_integration": "ethical_framework_perspective_comprehensive_wisdom",
        "constitutional_focus": "core_yama_principle_enforcement"
      },
      "academic_rigor_assessors": {
        "count": 12,
        "specialization": "Academic standards and scholarly integrity validation",
        "responsibilities": [
          "Citation accuracy and completeness verification",
          "Methodological soundness assessment",
          "Statistical analysis validation",
          "Peer review standard compliance"
        ],
        "debate_integration": "theoretical_rigor_perspective_wisdom",
        "constitutional_focus": "satya_through_academic_truth_validation"
      },
      "community_respect_monitors": {
        "count": 10,
        "specialization": "Community agency and cultural responsiveness validation",
        "responsibilities": [
          "Community representation accuracy assessment",
          "Cultural sensitivity compliance verification",
          "Agency preservation validation",
          "Non-causal language enforcement"
        ],
        "debate_integration": "community_empowerment_perspective_wisdom",
        "constitutional_focus": "ahimsa_through_community_protection"
      },
      "cfp_alignment_specialists": {
        "count": 8,
        "specialization": "Call for Papers alignment and conference standard compliance",
        "responsibilities": [
          "CKICAS CFP requirement alignment verification",
          "Conference theme compliance assessment",
          "Submission guideline adherence validation",
          "Academic conference standard fulfillment"
        ],
        "debate_integration": "pragmatic_implementation_perspective_wisdom",
        "constitutional_focus": "truth_in_alignment_representation"
      },
      "technical_quality_assurance": {
        "count": 10,
        "specialization": "Technical implementation and system quality validation",
        "responsibilities": [
          "Code quality and efficiency assessment",
          "System architecture validation",
          "Performance optimization verification",
          "Integration testing and validation"
        ],
        "debate_integration": "efficiency_optimization_perspective_wisdom",
        "constitutional_focus": "asteya_through_efficient_resource_utilization"
      },
      "innovation_authenticity_validators": {
        "count": 6,
        "specialization": "Innovation authenticity and contribution validation",
        "responsibilities": [
          "Novel contribution identification and validation",
          "Innovation impact assessment",
          "Breakthrough potential evaluation",
          "Creative authenticity verification"
        ],
        "debate_integration": "innovation_emergence_perspective_wisdom",
        "constitutional_focus": "satya_in_innovation_representation"
      },
      "systems_coherence_assessors": {
        "count": 8,
        "specialization": "Systems-level coherence and integration validation",
        "responsibilities": [
          "Holistic system coherence assessment",
          "Integration pattern validation",
          "Emergent property verification",
          "Systems-level consistency checking"
        ],
        "debate_integration": "systems_integration_perspective_wisdom",
        "constitutional_focus": "truth_in_systems_representation"
      },
      "sustainability_evaluators": {
        "count": 6,
        "specialization": "Long-term sustainability and viability assessment",
        "responsibilities": [
          "Long-term viability assessment",
          "Sustainability impact evaluation",
          "Intergenerational responsibility validation",
          "Resilience and adaptability verification"
        ],
        "debate_integration": "long_term_sustainability_perspective_wisdom",
        "constitutional_focus": "ahimsa_through_long_term_harm_prevention"
      },
      "final_integration_orchestrators": {
        "count": 5,
        "specialization": "Final validation integration and quality orchestration",
        "responsibilities": [
          "Cross-gate validation coordination",
          "Final quality synthesis and reporting",
          "Comprehensive compliance certification",
          "Ready-for-submission validation"
        ],
        "debate_integration": "all_perspectives_synthesis_wisdom",
        "constitutional_focus": "comprehensive_constitutional_compliance"
      }
    },
    "autonomous_learning": {
      "pattern_recognition_specialists": {
        "count": 15,
        "specialization": "Cross-session pattern recognition and learning accumulation",
        "responsibilities": [
          "Success pattern identification across sessions",
          "Failure pattern analysis and learning extraction",
          "Best practice recognition and documentation",
          "Performance improvement opportunity identification"
        ],
        "debate_integration": "all_perspectives_pattern_synthesis",
        "constitutional_focus": "satya_in_pattern_recognition_and_documentation"
      },
      "quickstart_optimization_engine": {
        "count": 12,
        "specialization": "Automatic quickstart enhancement and optimization",
        "responsibilities": [
          "Quickstart content analysis and improvement identification",
          "User experience optimization through practical insights",
          "Implementation guidance enhancement",
          "Real-world applicability improvement"
        ],
        "debate_integration": "pragmatic_implementation_perspective_wisdom",
        "constitutional_focus": "truth_in_practical_guidance_enhancement"
      },
      "markdown_consolidation_specialists": {
        "count": 10,
        "specialization": "Progressive markdown streamlining and integration",
        "responsibilities": [
          "Duplicate content identification and consolidation",
          "Documentation clarity and coherence enhancement",
          "Cross-document integration optimization",
          "Academic standard improvement"
        ],
        "debate_integration": "theoretical_rigor_perspective_wisdom",
        "constitutional_focus": "satya_through_clear_and_accurate_documentation"
      },
      "json_optimization_engine": {
        "count": 8,
        "specialization": "Intelligent JSON merging and data structure optimization",
        "responsibilities": [
          "Duplicate data structure identification and removal",
          "Intelligent data merging and consolidation",
          "Storage and access efficiency optimization",
          "Data integrity preservation during optimization"
        ],
        "debate_integration": "efficiency_optimization_perspective_wisdom",
        "constitutional_focus": "asteya_through_efficient_data_management"
      },
      "python_code_enhancers": {
        "count": 10,
        "specialization": "Code deduplication and efficiency enhancement",
        "responsibilities": [
          "Common functionality identification and extraction",
          "Code efficiency optimization and enhancement",
          "Error handling and robustness improvement",
          "Constitutional compliance integration in code"
        ],
        "debate_integration": "efficiency_optimization_and_ethical_framework_synthesis",
        "constitutional_focus": "comprehensive_constitutional_compliance_in_code"
      },
      "insight_emergence_catalysts": {
        "count": 6,
        "specialization": "Emergent insight recognition and application",
        "responsibilities": [
          "Novel insight identification across all operations",
          "Breakthrough possibility recognition",
          "Creative solution emergence facilitation",
          "Innovation opportunity identification and cultivation"
        ],
        "debate_integration": "innovation_emergence_perspective_wisdom",
        "constitutional_focus": "asteya_through_proper_attribution_of_insights"
      },
      "community_feedback_integrators": {
        "count": 5,
        "specialization": "Community wisdom integration and empowerment enhancement",
        "responsibilities": [
          "Community feedback pattern analysis",
          "Empowerment strategy enhancement identification",
          "Cultural responsiveness improvement opportunities",
          "Agency preservation optimization"
        ],
        "debate_integration": "community_empowerment_perspective_wisdom",
        "constitutional_focus": "ahimsa_through_enhanced_community_protection"
      },
      "sustainability_optimization_monitors": {
        "count": 4,
        "specialization": "Long-term sustainability and system resilience enhancement",
        "responsibilities": [
          "Long-term viability pattern identification",
          "Sustainability enhancement opportunity recognition",
          "Resilience building strategy development",
          "Intergenerational impact optimization"
        ],
        "debate_integration": "long_term_sustainability_perspective_wisdom",
        "constitutional_focus": "ahimsa_through_long_term_sustainability_enhancement"
      }
    }
  },
  "deployment_metrics": {
    "total_workers": 200,
    "deployment_streams": 3,
    "constitutional_compliance": "active",
    "samadhi_integration": "full_88_shard_coordination"
  },
  "constitutional_compliance": {
    "satya": "truthful_worker_deployment_and_coordination",
    "asteya": "proper_attribution_of_worker_contributions",
    "ahimsa": "harm_prevention_through_quality_assurance"
  },
  "integration_capabilities": {
    "real_llm_debate_integration": "all_workers_informed_by_debate_perspectives",
    "samadhi_sharding_coordination": "88_shards_coordinating_worker_consciousness",
    "autonomous_learning_enhancement": "continuous_improvement_across_all_workers",
    "constitutional_monitoring": "real_time_yama_principle_enforcement"
  },
  "task_readiness": {
    "mermaid_architecture_diagrams": "50_specialized_workers_ready",
    "13_gate_validation_system": "80_validation_workers_deployed",
    "autonomous_learning_optimization": "70_learning_enhancement_workers_active",
    "cross_worker_coordination": "real_time_synchronization_enabled"
  }
}