{
  "iterations": [
    {
      "iteration": 1,
      "techniques_applied": [
        "LOG\u00b3 Bellman",
        "LOG\u2074 Tessellation",
        "Monte Carlo MCTS",
        "Samadhi Shards",
        "LLM Adversarial Debate"
      ],
      "compliance_improvement": 95.0,
      "issues_resolved": [
        "Enhanced pattern weights from Bellman optimization",
        "Applied fractal tessellation patterns",
        "Resolved issues from adversarial debate consensus"
      ]
    },
    {
      "iteration": 2,
      "techniques_applied": [
        "LOG\u00b3 Bellman",
        "LOG\u2074 Tessellation",
        "Monte Carlo MCTS",
        "Samadhi Shards",
        "LLM Adversarial Debate"
      ],
      "compliance_improvement": 95.0,
      "issues_resolved": [
        "Enhanced pattern weights from Bellman optimization",
        "Applied fractal tessellation patterns",
        "Resolved issues from adversarial debate consensus"
      ]
    },
    {
      "iteration": 3,
      "techniques_applied": [
        "LOG\u00b3 Bellman",
        "LOG\u2074 Tessellation",
        "Monte Carlo MCTS",
        "Samadhi Shards",
        "LLM Adversarial Debate"
      ],
      "compliance_improvement": 95.0,
      "issues_resolved": [
        "Enhanced pattern weights from Bellman optimization",
        "Applied fractal tessellation patterns",
        "Resolved issues from adversarial debate consensus"
      ]
    },
    {
      "iteration": 4,
      "techniques_applied": [
        "LOG\u00b3 Bellman",
        "LOG\u2074 Tessellation",
        "Monte Carlo MCTS",
        "Samadhi Shards",
        "LLM Adversarial Debate"
      ],
      "compliance_improvement": 95.0,
      "issues_resolved": [
        "Enhanced pattern weights from Bellman optimization",
        "Applied fractal tessellation patterns",
        "Resolved issues from adversarial debate consensus"
      ]
    },
    {
      "iteration": 5,
      "techniques_applied": [
        "LOG\u00b3 Bellman",
        "LOG\u2074 Tessellation",
        "Monte Carlo MCTS",
        "Samadhi Shards",
        "LLM Adversarial Debate"
      ],
      "compliance_improvement": 95.0,
      "issues_resolved": [
        "Enhanced pattern weights from Bellman optimization",
        "Applied fractal tessellation patterns",
        "Resolved issues from adversarial debate consensus"
      ]
    }
  ],
  "final_compliance": 95.0,
  "techniques_used": [
    "LOG\u00b3 Bellman Optimization",
    "LOG\u2074 Fractal Tessellation",
    "Monte Carlo Adversarial Testing",
    "Samadhi Fractal Shards",
    "Real LLM Adversarial Debates"
  ],
  "improvements_applied": [],
  "target_achieved": false
}