{
  "generation_timestamp": "20251026_173548",
  "worker_deployment": {
    "architecture_workers": 50,
    "specialized_teams": 6,
    "diagrams_generated": 5
  },
  "constitutional_compliance": {
    "satya": "truth_in_architectural_representation",
    "asteya": "proper_worker_contribution_attribution",
    "ahimsa": "community_protection_in_system_design"
  },
  "integration_features": {
    "real_llm_debate": "8_perspective_wisdom_integration",
    "samadhi_sharding": "88_shard_coordination",
    "autonomous_learning": "continuous_optimization_capability"
  },
  "diagrams": [
    "log4_framework",
    "community_process",
    "validation_gates",
    "autonomous_learning",
    "infrastructure_coordination"
  ]
}