{
  "last_updated": "2025-10-20T11:53:52.368221+00:00",
  "max_daily_budget": 50.0,
  "max_task_budget": 10.0,
  "transactions": [
    {
      "cost": 0.0,
      "model": "bootstrap",
      "operation_type": "bootstrap",
      "provider": "system",
      "session_id": "bootstrap",
      "task_id": "bootstrap",
      "timestamp": "2025-10-20T11:50:13.951590+00:00",
      "tokens": 0
    },
    {
      "cost": 0.0,
      "model": "bootstrap",
      "operation_type": "bootstrap",
      "provider": "system",
      "session_id": "bootstrap",
      "task_id": "bootstrap",
      "timestamp": "2025-10-20T11:50:29.506688+00:00",
      "tokens": 0
    },
    {
      "cost": 0.0,
      "model": "bootstrap",
      "operation_type": "bootstrap",
      "provider": "system",
      "session_id": "bootstrap",
      "task_id": "bootstrap",
      "timestamp": "2025-10-20T11:52:11.155534+00:00",
      "tokens": 0
    },
    {
      "cost": 0.0,
      "model": "bootstrap",
      "operation_type": "bootstrap",
      "provider": "system",
      "session_id": "bootstrap",
      "task_id": "bootstrap",
      "timestamp": "2025-10-20T11:52:21.287596+00:00",
      "tokens": 0
    },
    {
      "cost": 0.0,
      "model": "bootstrap",
      "operation_type": "bootstrap",
      "provider": "system",
      "session_id": "bootstrap",
      "task_id": "bootstrap",
      "timestamp": "2025-10-20T11:52:32.458259+00:00",
      "tokens": 0
    },
    {
      "cost": 0.0,
      "model": "bootstrap",
      "operation_type": "bootstrap",
      "provider": "system",
      "session_id": "bootstrap",
      "task_id": "bootstrap",
      "timestamp": "2025-10-20T11:52:48.945262+00:00",
      "tokens": 0
    },
    {
      "cost": 0.0,
      "model": "bootstrap",
      "operation_type": "bootstrap",
      "provider": "system",
      "session_id": "bootstrap",
      "task_id": "bootstrap",
      "timestamp": "2025-10-20T11:53:04.920979+00:00",
      "tokens": 0
    },
    {
      "cost": 0.0,
      "model": "bootstrap",
      "operation_type": "bootstrap",
      "provider": "system",
      "session_id": "bootstrap",
      "task_id": "bootstrap",
      "timestamp": "2025-10-20T11:53:11.208748+00:00",
      "tokens": 0
    },
    {
      "cost": 0.0,
      "model": "bootstrap",
      "operation_type": "bootstrap",
      "provider": "system",
      "session_id": "bootstrap",
      "task_id": "bootstrap",
      "timestamp": "2025-10-20T11:53:23.020251+00:00",
      "tokens": 0
    },
    {
      "cost": 0.0,
      "model": "bootstrap",
      "operation_type": "bootstrap",
      "provider": "system",
      "session_id": "bootstrap",
      "task_id": "bootstrap",
      "timestamp": "2025-10-20T11:53:31.297102+00:00",
      "tokens": 0
    },
    {
      "cost": 0.0,
      "model": "bootstrap",
      "operation_type": "bootstrap",
      "provider": "system",
      "session_id": "bootstrap",
      "task_id": "bootstrap",
      "timestamp": "2025-10-20T11:53:44.099988+00:00",
      "tokens": 0
    },
    {
      "cost": 0.0,
      "model": "bootstrap",
      "operation_type": "bootstrap",
      "provider": "system",
      "session_id": "bootstrap",
      "task_id": "bootstrap",
      "timestamp": "2025-10-20T11:53:52.368211+00:00",
      "tokens": 0
    }
  ]
}