{
  "timestamp": "2025-10-21T00:00:00Z",
  "operation": "router_update",
  "version": "v5.1",
  "changes": [
    "Updated PROVIDER_TIERS with exact model endpoints",
    "Updated COST_PER_MILLION with current pricing",
    "Added cost estimation functionality",
    "Added router validation endpoint",
    "Created config/providers.yaml",
    "Generated playbook/MODELS.md and PROVIDERS.md",
    "Created tests/test_router_models.py",
    "Generated reports/ROUTER_VALIDATE.json and SMOKE.md"
  ],
  "files_modified": [
    "infrastructure/sidecar/router.py",
    "config/providers.yaml",
    "playbook/MODELS.md",
    "playbook/PROVIDERS.md",
    "tests/test_router_models.py",
    "reports/ROUTER_VALIDATE.json",
    "reports/SMOKE.md",
    "telemetry/receipt_router_update.json"
  ],
  "validation_status": "GREEN",
  "token_distribution": {
    "ide_tokens": 0,
    "sidecar_tokens": 0,
    "share_sidecar_percent": 100.0
  }
}