{
  "per_tick_receipt": {
    "tick": "integer - tick number (0-based)",
    "profile": "string - current profile (cpu-swarm/lab-burst/turbo)",
    "materialised": "integer - number of new attractors created",
    "duplicates": "integer - number of duplicate attractors detected",
    "pruned": "integer - number of attractors pruned for low fitness",
    "active": "integer - number of active attractors after pruning",
    "pass_rate": "float - fraction of successful shard executions",
    "runtime": "float - execution time in seconds",
    "split": "object - exploration/exploitation shard counts",
    "quarantine": "integer - number of quarantined shards (timeouts/429s)",
    "exploration": "float - exploration percentage (0.0-1.0)",
    "entropy": "float - attractor diversity metric",
    "novelty": "float - average novelty score of new attractors",
    "llm_round": "integer - current LLM round number",
    "rate_limits": "integer - number of rate limit hits",
    "timeouts": "integer - number of timeout events",
    "backoff": "integer - number of backoff retries",
    "window_change": "boolean - true if window size changed this tick",
    "top_attractors": "array - top 5 attractor IDs by fitness"
  },
  "aggregate_receipt": {
    "replicates": "integer - total replicates across all ticks",
    "seeds": "integer - total seeds injected",
    "winner_consistency": "float - fraction of ticks with same winner (0.0-1.0)",
    "attractor_jaccard": "float - average Jaccard similarity of top attractors",
    "window_grow_shrink": {
      "grow_events": "integer - number of window growth events",
      "shrink_events": "integer - number of window shrink events",
      "final_window": "integer - final window size",
      "profile": "string - final profile used"
    },
    "total_ticks": "integer - total number of ticks executed",
    "profile": "string - profile used for tessellation"
  },
  "token_receipt": {
    "ide_tokens": "integer - tokens used by IDE components",
    "sidecar_tokens": "integer - tokens used by sidecar",
    "share": "float - sidecar token share percentage (target >=96%)"
  }
}